{
  "version": 1,
  "author": "Sanugi Wickramasinghe",
  "editor": "wokwi",
  "parts": [
    { "type": "wokwi-breadboard", "id": "bb1", "top": 141, "left": -198.8, "attrs": {} },
    { "type": "wokwi-breadboard-half", "id": "bb2", "top": 141, "left": -534.8, "attrs": {} },
    { "type": "board-esp32-devkit-c-v4", "id": "esp", "top": -163.2, "left": 24.04, "attrs": {} },
    {
      "type": "board-ssd1306",
      "id": "oled1",
      "top": 195.14,
      "left": 249.83,
      "attrs": { "i2cAddress": "0x3c" }
    },
    {
      "type": "wokwi-buzzer",
      "id": "bz1",
      "top": 136.8,
      "left": 126.6,
      "attrs": { "volume": "0.1" }
    },
    {
      "type": "wokwi-resistor",
      "id": "r1",
      "top": 224.75,
      "left": 163.2,
      "attrs": { "value": "100" }
    },
    { "type": "wokwi-led", "id": "led1", "top": 169.2, "left": 13.4, "attrs": { "color": "red" } },
    {
      "type": "wokwi-resistor",
      "id": "r2",
      "top": 224.75,
      "left": 38.4,
      "attrs": { "value": "220" }
    },
    {
      "type": "wokwi-pushbutton",
      "id": "btn1",
      "top": 223.8,
      "left": -51,
      "rotate": 90,
      "attrs": { "color": "red", "label": "CANCEL" }
    },
    {
      "type": "wokwi-resistor",
      "id": "r3",
      "top": 291.95,
      "left": -76.8,
      "attrs": { "value": "1000" }
    },
    {
      "type": "wokwi-pushbutton",
      "id": "btn2",
      "top": 223.8,
      "left": -291,
      "rotate": 90,
      "attrs": { "color": "green", "label": "DOWN" }
    },
    {
      "type": "wokwi-pushbutton",
      "id": "btn3",
      "top": 223.8,
      "left": -377.4,
      "rotate": 90,
      "attrs": { "color": "blue", "label": "OK/MENU" }
    },
    {
      "type": "wokwi-resistor",
      "id": "r4",
      "top": 291.95,
      "left": -316.8,
      "attrs": { "value": "1000" }
    },
    {
      "type": "wokwi-resistor",
      "id": "r5",
      "top": 291.95,
      "left": -403.2,
      "attrs": { "value": "1000" }
    },
    {
      "type": "wokwi-pushbutton",
      "id": "btn4",
      "top": 223.8,
      "left": -463.8,
      "rotate": 90,
      "attrs": { "color": "yellow", "label": "UP" }
    },
    {
      "type": "wokwi-resistor",
      "id": "r6",
      "top": 291.95,
      "left": -489.6,
      "attrs": { "value": "1000" }
    },
    {
      "type": "wokwi-dht22",
      "id": "dht1",
      "top": -287.7,
      "left": -149.4,
      "attrs": { "temperature": "22.2" }
    },
    {
      "type": "wokwi-photoresistor-sensor",
      "id": "ldr1",
      "top": -259.5,
      "left": -389.5,
      "rotate": 90,
      "attrs": {}
    },
    {
      "type": "wokwi-servo",
      "id": "servo1",
      "top": -317.8,
      "left": 184.2,
      "rotate": 270,
      "attrs": {}
    }
  ],
  "connections": [
    [ "esp:TX", "$serialMonitor:RX", "", [] ],
    [ "esp:RX", "$serialMonitor:TX", "", [] ],
    [ "bb1:bp.46", "bb1:tp.46", "red", [ "v0" ] ],
    [ "bb1:tn.47", "bb1:bn.47", "black", [ "v0" ] ],
    [ "bb1:49t.a", "bb1:tn.40", "black", [ "v0" ] ],
    [ "bb1:50t.a", "bb1:tp.41", "red", [ "v0" ] ],
    [ "bb1:52t.a", "esp:21", "blue", [ "v0" ] ],
    [ "bb1:51t.a", "esp:22", "orange", [ "v0" ] ],
    [ "bb1:35t.e", "bb1:tn.24", "black", [ "v0" ] ],
    [ "bb1:42t.d", "esp:5", "gray", [ "v0" ] ],
    [ "bb1:29t.d", "esp:15", "purple", [ "v0" ] ],
    [ "bb1:22t.e", "bb1:tn.17", "black", [ "v0" ] ],
    [ "bb1:19t.c", "bb1:tn.15", "black", [ "v0" ] ],
    [ "bb1:17t.c", "esp:34", "green", [ "v0" ] ],
    [ "bb1:11b.i", "bb1:bp.8", "red", [ "v0" ] ],
    [ "bb1:tp.1", "bb2:tp.25", "red", [ "v0" ] ],
    [ "bb2:tn.25", "bb1:tn.1", "black", [ "v0" ] ],
    [ "bb1:bp.1", "bb2:bp.25", "red", [ "v0" ] ],
    [ "bb2:bn.25", "bb1:bn.1", "black", [ "v0" ] ],
    [ "bb2:29t.b", "bb2:tn.24", "black", [ "v0" ] ],
    [ "bb2:3b.i", "bb2:bp.2", "red", [ "v0" ] ],
    [ "bb2:9t.b", "esp:33", "green", [ "v0" ] ],
    [ "bb2:tn.9", "bb2:11t.b", "black", [ "v0" ] ],
    [ "bb2:27t.b", "esp:35", "green", [ "v0" ] ],
    [ "bb2:12b.i", "bb2:bp.10", "red", [ "v0" ] ],
    [ "bb2:21b.i", "bb2:bp.17", "red", [ "v0" ] ],
    [ "esp:32", "bb2:18t.b", "green", [ "h0" ] ],
    [ "bb2:tn.16", "bb2:20t.b", "black", [ "v0" ] ],
    [ "bb1:tp.48", "esp:5V", "red", [ "v0" ] ],
    [ "bb1:tn.49", "esp:GND.2", "black", [ "v0" ] ],
    [ "dht1:VCC", "bb1:tp.4", "red", [ "v0" ] ],
    [ "dht1:GND", "bb1:tn.7", "black", [ "v0" ] ],
    [ "dht1:SDA", "esp:12", "cyan", [ "v0" ] ],
    [ "servo1:GND", "bb1:tn.36", "black", [ "v0" ] ],
    [ "ldr1:GND", "bb2:tn.23", "black", [ "v0" ] ],
    [ "ldr1:VCC", "bb2:tp.21", "red", [ "v297.6", "h9.6" ] ],
    [ "servo1:V+", "bb1:tp.39", "red", [ "v0" ] ],
    [ "bz1:1", "bb1:35t.d", "", [ "$bb" ] ],
    [ "bz1:2", "bb1:36t.d", "", [ "$bb" ] ],
    [ "r1:1", "bb1:36t.e", "", [ "$bb" ] ],
    [ "r1:2", "bb1:42t.e", "", [ "$bb" ] ],
    [ "led1:A", "bb1:23t.c", "", [ "$bb" ] ],
    [ "led1:C", "bb1:22t.c", "", [ "$bb" ] ],
    [ "r2:1", "bb1:23t.e", "", [ "$bb" ] ],
    [ "r2:2", "bb1:29t.e", "", [ "$bb" ] ],
    [ "btn1:1.l", "bb1:19t.d", "", [ "$bb" ] ],
    [ "btn1:2.l", "bb1:17t.d", "", [ "$bb" ] ],
    [ "btn1:1.r", "bb1:19b.i", "", [ "$bb" ] ],
    [ "btn1:2.r", "bb1:17b.i", "", [ "$bb" ] ],
    [ "r3:1", "bb1:11b.j", "", [ "$bb" ] ],
    [ "r3:2", "bb1:17b.j", "", [ "$bb" ] ],
    [ "btn2:1.l", "bb2:29t.d", "", [ "$bb" ] ],
    [ "btn2:2.l", "bb2:27t.d", "", [ "$bb" ] ],
    [ "btn2:1.r", "bb2:29b.i", "", [ "$bb" ] ],
    [ "btn2:2.r", "bb2:27b.i", "", [ "$bb" ] ],
    [ "btn3:1.l", "bb2:20t.d", "", [ "$bb" ] ],
    [ "btn3:2.l", "bb2:18t.d", "", [ "$bb" ] ],
    [ "btn3:1.r", "bb2:20b.i", "", [ "$bb" ] ],
    [ "btn3:2.r", "bb2:18b.i", "", [ "$bb" ] ],
    [ "r4:1", "bb2:21b.j", "", [ "$bb" ] ],
    [ "r4:2", "bb2:27b.j", "", [ "$bb" ] ],
    [ "r5:1", "bb2:12b.j", "", [ "$bb" ] ],
    [ "r5:2", "bb2:18b.j", "", [ "$bb" ] ],
    [ "btn4:1.l", "bb2:11t.d", "", [ "$bb" ] ],
    [ "btn4:2.l", "bb2:9t.d", "", [ "$bb" ] ],
    [ "btn4:1.r", "bb2:11b.i", "", [ "$bb" ] ],
    [ "btn4:2.r", "bb2:9b.i", "", [ "$bb" ] ],
    [ "r6:1", "bb2:3b.j", "", [ "$bb" ] ],
    [ "r6:2", "bb2:9b.j", "", [ "$bb" ] ],
    [ "oled1:GND", "bb1:49t.b", "", [ "$bb" ] ],
    [ "oled1:VCC", "bb1:50t.b", "", [ "$bb" ] ],
    [ "oled1:SCL", "bb1:51t.b", "", [ "$bb" ] ],
    [ "oled1:SDA", "bb1:52t.b", "", [ "$bb" ] ],
    [ "servo1:PWM", "esp:13", "violet", [ "v0" ] ],
    [ "ldr1:AO", "esp:14", "gray", [ "v0" ] ]
  ],
  "dependencies": {}
}